code,category,value,areaName,LA
E06000001,N/A,0,Hartlepool,
E06000001,born,88673,Hartlepool,
E06000001,10plus,2166,Hartlepool,
E06000001,5_10,528,Hartlepool,
E06000001,2_5,535,Hartlepool,
E06000001,less2,436,Hartlepool,
E06000002,N/A,0,Middlesbrough,
E06000002,born,126242,Middlesbrough,
E06000002,10plus,7946,Middlesbrough,
E06000002,5_10,2907,Middlesbrough,
E06000002,2_5,2641,Middlesbrough,
E06000002,less2,4188,Middlesbrough,
E06000003,N/A,0,Redcar and Cleveland,
E06000003,born,132550,Redcar and Cleveland,
E06000003,10plus,2625,Redcar and Cleveland,
E06000003,5_10,427,Redcar and Cleveland,
E06000003,2_5,517,Redcar and Cleveland,
E06000003,less2,412,Redcar and Cleveland,
E06000004,N/A,0,Stockton-on-Tees,
E06000004,born,184328,Stockton-on-Tees,
E06000004,10plus,7524,Stockton-on-Tees,
E06000004,5_10,1978,Stockton-on-Tees,
E06000004,2_5,1548,Stockton-on-Tees,
E06000004,less2,1217,Stockton-on-Tees,
E06000005,N/A,0,Darlington,
E06000005,born,99373,Darlington,
E06000005,10plus,4749,Darlington,
E06000005,5_10,1614,Darlington,
E06000005,2_5,1283,Darlington,
E06000005,less2,780,Darlington,
E06000006,N/A,0,Halton,
E06000006,born,122350,Halton,
E06000006,10plus,3046,Halton,
E06000006,5_10,1177,Halton,
E06000006,2_5,1040,Halton,
E06000006,less2,863,Halton,
E06000011,N/A,0,East Riding of Yorkshire,
E06000011,born,325230,East Riding of Yorkshire,
E06000011,10plus,10865,East Riding of Yorkshire,
E06000011,5_10,2847,East Riding of Yorkshire,
E06000011,2_5,1829,East Riding of Yorkshire,
E06000011,less2,1444,East Riding of Yorkshire,
E06000012,N/A,0,North East Lincolnshire,
E06000012,born,146658,North East Lincolnshire,
E06000012,10plus,5312,North East Lincolnshire,
E06000012,5_10,1995,North East Lincolnshire,
E06000012,2_5,1643,North East Lincolnshire,
E06000012,less2,1358,North East Lincolnshire,
E06000014,N/A,0,York,
E06000014,born,180964,York,
E06000014,10plus,10476,York,
E06000014,5_10,3581,York,
E06000014,2_5,3184,York,
E06000014,less2,4616,York,
E06000015,N/A,0,Derby,
E06000015,born,210170,Derby,
E06000015,10plus,29522,Derby,
E06000015,5_10,9123,Derby,
E06000015,2_5,7096,Derby,
E06000015,less2,5454,Derby,
E06000017,N/A,0,Rutland,
E06000017,born,37658,Rutland,
E06000017,10plus,2141,Rutland,
E06000017,5_10,543,Rutland,
E06000017,2_5,345,Rutland,
E06000017,less2,362,Rutland,
E06000018,N/A,0,Nottingham,
E06000018,born,244133,Nottingham,
E06000018,10plus,38533,Nottingham,
E06000018,5_10,15384,Nottingham,
E06000018,2_5,12061,Nottingham,
E06000018,less2,13522,Nottingham,
E06000019,N/A,0,Herefordshire,
E06000019,born,170958,Herefordshire,
E06000019,10plus,9362,Herefordshire,
E06000019,5_10,3207,Herefordshire,
E06000019,2_5,1917,Herefordshire,
E06000019,less2,1590,Herefordshire,
E06000020,N/A,0,Telford and Wrekin,
E06000020,born,164432,Telford and Wrekin,
E06000020,10plus,10890,Telford and Wrekin,
E06000020,5_10,4254,Telford and Wrekin,
E06000020,2_5,3578,Telford and Wrekin,
E06000020,less2,2387,Telford and Wrekin,
E06000021,N/A,0,Stoke-on-Trent,
E06000021,born,224531,Stoke-on-Trent,
E06000021,10plus,16485,Stoke-on-Trent,
E06000021,5_10,6871,Stoke-on-Trent,
E06000021,2_5,6165,Stoke-on-Trent,
E06000021,less2,4317,Stoke-on-Trent,
E06000023,N/A,0,Bristol,
E06000023,born,383497,Bristol,
E06000023,10plus,45434,Bristol,
E06000023,5_10,17039,Bristol,
E06000023,2_5,13612,Bristol,
E06000023,less2,12883,Bristol,
E06000024,N/A,0,North Somerset,
E06000024,born,198533,North Somerset,
E06000024,10plus,10878,North Somerset,
E06000024,5_10,3380,North Somerset,
E06000024,2_5,2396,North Somerset,
E06000024,less2,1541,North Somerset,
E06000026,N/A,0,Plymouth,
E06000026,born,240345,Plymouth,
E06000026,10plus,13861,Plymouth,
E06000026,5_10,4621,Plymouth,
E06000026,2_5,2984,Plymouth,
E06000026,less2,2883,Plymouth,
E06000027,N/A,0,Torbay,
E06000027,born,129424,Torbay,
E06000027,10plus,6495,Torbay,
E06000027,5_10,1564,Torbay,
E06000027,2_5,931,Torbay,
E06000027,less2,910,Torbay,
E06000031,N/A,0,Peterborough,
E06000031,born,154787,Peterborough,
E06000031,10plus,33222,Peterborough,
E06000031,5_10,13447,Peterborough,
E06000031,2_5,8400,Peterborough,
E06000031,less2,5817,Peterborough,
E06000032,N/A,0,Luton,
E06000032,born,138675,Luton,
E06000032,10plus,49785,Luton,
E06000032,5_10,14672,Luton,
E06000032,2_5,11910,Luton,
E06000032,less2,10220,Luton,
E06000035,N/A,0,Medway,
E06000035,born,241119,Medway,
E06000035,10plus,25051,Medway,
E06000035,5_10,6354,Medway,
E06000035,2_5,3831,Medway,
E06000035,less2,3418,Medway,
E06000036,N/A,0,Bracknell Forest,
E06000036,born,102964,Bracknell Forest,
E06000036,10plus,13331,Bracknell Forest,
E06000036,5_10,3706,Bracknell Forest,
E06000036,2_5,2579,Bracknell Forest,
E06000036,less2,2027,Bracknell Forest,
E06000037,N/A,0,West Berkshire,
E06000037,born,141996,West Berkshire,
E06000037,10plus,11847,West Berkshire,
E06000037,5_10,3229,West Berkshire,
E06000037,2_5,2433,West Berkshire,
E06000037,less2,1943,West Berkshire,
E06000038,N/A,0,Reading,
E06000038,born,115894,Reading,
E06000038,10plus,26825,Reading,
E06000038,5_10,11530,Reading,
E06000038,2_5,10385,Reading,
E06000038,less2,9590,Reading,
E06000039,N/A,0,Slough,
E06000039,born,88806,Slough,
E06000039,10plus,44658,Slough,
E06000039,5_10,10878,Slough,
E06000039,2_5,7886,Slough,
E06000039,less2,6271,Slough,
E06000040,N/A,0,Windsor and Maidenhead,
E06000040,born,120245,Windsor and Maidenhead,
E06000040,10plus,20566,Windsor and Maidenhead,
E06000040,5_10,5287,Windsor and Maidenhead,
E06000040,2_5,4156,Windsor and Maidenhead,
E06000040,less2,3242,Windsor and Maidenhead,
E06000041,N/A,0,Wokingham,
E06000041,born,143891,Wokingham,
E06000041,10plus,20951,Wokingham,
E06000041,5_10,5569,Wokingham,
E06000041,2_5,3883,Wokingham,
E06000041,less2,3208,Wokingham,
E06000042,N/A,0,Milton Keynes,
E06000042,born,213215,Milton Keynes,
E06000042,10plus,42087,Milton Keynes,
E06000042,5_10,14481,Milton Keynes,
E06000042,2_5,10136,Milton Keynes,
E06000042,less2,7141,Milton Keynes,
E06000043,N/A,0,Brighton and Hove,
E06000043,born,222760,Brighton and Hove,
E06000043,10plus,28524,Brighton and Hove,
E06000043,5_10,9674,Brighton and Hove,
E06000043,2_5,8219,Brighton and Hove,
E06000043,less2,7926,Brighton and Hove,
E06000044,N/A,0,Portsmouth,
E06000044,born,172763,Portsmouth,
E06000044,10plus,17578,Portsmouth,
E06000044,5_10,6749,Portsmouth,
E06000044,2_5,5199,Portsmouth,
E06000044,less2,5714,Portsmouth,
E06000045,N/A,0,Southampton,
E06000045,born,188823,Southampton,
E06000045,10plus,28758,Southampton,
E06000045,5_10,11793,Southampton,
E06000045,2_5,9356,Southampton,
E06000045,less2,10192,Southampton,
E06000047,N/A,0,County Durham,
E06000047,born,499175,County Durham,
E06000047,10plus,12603,County Durham,
E06000047,5_10,3290,County Durham,
E06000047,2_5,2814,County Durham,
E06000047,less2,4186,County Durham,
E06000050,N/A,0,Cheshire West and Chester,
E06000050,born,330940,Cheshire West and Chester,
E06000050,10plus,14788,Cheshire West and Chester,
E06000050,5_10,4676,Cheshire West and Chester,
E06000050,2_5,3655,Cheshire West and Chester,
E06000050,less2,3090,Cheshire West and Chester,
E06000051,N/A,0,Shropshire,
E06000051,born,304471,Shropshire,
E06000051,10plus,11108,Shropshire,
E06000051,5_10,3172,Shropshire,
E06000051,2_5,2396,Shropshire,
E06000051,less2,2459,Shropshire,
E06000053,N/A,0,Isles of Scilly,
E06000053,born,1940,Isles of Scilly,
E06000053,10plus,56,Isles of Scilly,
E06000053,5_10,21,Isles of Scilly,
E06000053,2_5,18,Isles of Scilly,
E06000053,less2,22,Isles of Scilly,
E06000054,N/A,0,Wiltshire,
E06000054,born,459802,Wiltshire,
E06000054,10plus,32662,Wiltshire,
E06000054,5_10,7692,Wiltshire,
E06000054,2_5,5574,Wiltshire,
E06000054,less2,4603,Wiltshire,
E06000055,N/A,0,Bedford,
E06000055,born,145586,Bedford,
E06000055,10plus,24126,Bedford,
E06000055,5_10,7011,Bedford,
E06000055,2_5,4898,Bedford,
E06000055,less2,3604,Bedford,
E06000056,N/A,0,Central Bedfordshire,
E06000056,born,261763,Central Bedfordshire,
E06000056,10plus,20596,Central Bedfordshire,
E06000056,5_10,5600,Central Bedfordshire,
E06000056,2_5,3306,Central Bedfordshire,
E06000056,less2,2987,Central Bedfordshire,
E06000057,N/A,0,Northumberland,
E06000057,born,309315,Northumberland,
E06000057,10plus,7924,Northumberland,
E06000057,5_10,1374,Northumberland,
E06000057,2_5,1119,Northumberland,
E06000057,less2,835,Northumberland,
E06000058,N/A,0,Bournemouth Christchurch and Poole,
E06000058,born,338248,Bournemouth Christchurch and Poole,
E06000058,10plus,33763,Bournemouth Christchurch and Poole,
E06000058,5_10,12263,Bournemouth Christchurch and Poole,
E06000058,2_5,8712,Bournemouth Christchurch and Poole,
E06000058,less2,7210,Bournemouth Christchurch and Poole,
E06000059,N/A,0,Dorset,
E06000059,born,354852,Dorset,
E06000059,10plus,17849,Dorset,
E06000059,5_10,2941,Dorset,
E06000059,2_5,2049,Dorset,
E06000059,less2,1888,Dorset,
E06000060,N/A,0,Buckinghamshire,
E06000060,born,461030,Buckinghamshire,
E06000060,10plus,62634,Buckinghamshire,
E06000060,5_10,13819,Buckinghamshire,
E06000060,2_5,8751,Buckinghamshire,
E06000060,less2,6846,Buckinghamshire,
E06000061,N/A,0,North Northamptonshire,
E06000061,born,303952,North Northamptonshire,
E06000061,10plus,29509,North Northamptonshire,
E06000061,5_10,12097,North Northamptonshire,
E06000061,2_5,8581,North Northamptonshire,
E06000061,less2,5386,North Northamptonshire,
E06000062,N/A,0,West Northamptonshire,
E06000062,born,345735,West Northamptonshire,
E06000062,10plus,39738,West Northamptonshire,
E06000062,5_10,16782,West Northamptonshire,
E06000062,2_5,13577,West Northamptonshire,
E06000062,less2,9893,West Northamptonshire,
E07000008,N/A,0,Cambridge,
E07000008,born,90388,Cambridge,
E07000008,10plus,21000,Cambridge,
E07000008,5_10,10583,Cambridge,
E07000008,2_5,11257,Cambridge,
E07000008,less2,12447,Cambridge,
E07000009,N/A,0,East Cambridgeshire,
E07000009,born,77395,East Cambridgeshire,
E07000009,10plus,5954,East Cambridgeshire,
E07000009,5_10,1942,East Cambridgeshire,
E07000009,2_5,1420,East Cambridgeshire,
E07000009,less2,1049,East Cambridgeshire,
E07000010,N/A,0,Fenland,
E07000010,born,89691,Fenland,
E07000010,10plus,7139,Fenland,
E07000010,5_10,3170,Fenland,
E07000010,2_5,1540,Fenland,
E07000010,less2,922,Fenland,
E07000012,N/A,0,South Cambridgeshire,
E07000012,born,135924,South Cambridgeshire,
E07000012,10plus,15123,South Cambridgeshire,
E07000012,5_10,4946,South Cambridgeshire,
E07000012,2_5,3437,South Cambridgeshire,
E07000012,less2,2689,South Cambridgeshire,
E07000026,N/A,0,Allerdale,
E07000026,born,93035,Allerdale,
E07000026,10plus,2049,Allerdale,
E07000026,5_10,479,Allerdale,
E07000026,2_5,340,Allerdale,
E07000026,less2,251,Allerdale,
E07000027,N/A,0,Barrow-in-Furness,
E07000027,born,64829,Barrow-in-Furness,
E07000027,10plus,1485,Barrow-in-Furness,
E07000027,5_10,299,Barrow-in-Furness,
E07000027,2_5,312,Barrow-in-Furness,
E07000027,less2,479,Barrow-in-Furness,
E07000028,N/A,0,Carlisle,
E07000028,born,102654,Carlisle,
E07000028,10plus,4120,Carlisle,
E07000028,5_10,1353,Carlisle,
E07000028,2_5,1014,Carlisle,
E07000028,less2,883,Carlisle,
E07000029,N/A,0,Copeland,
E07000029,born,65116,Copeland,
E07000029,10plus,1248,Copeland,
E07000029,5_10,218,Copeland,
E07000029,2_5,258,Copeland,
E07000029,less2,235,Copeland,
E07000030,N/A,0,Eden,
E07000030,born,51963,Eden,
E07000030,10plus,1546,Eden,
E07000030,5_10,503,Eden,
E07000030,2_5,438,Eden,
E07000030,less2,286,Eden,
E07000031,N/A,0,South Lakeland,
E07000031,born,98125,South Lakeland,
E07000031,10plus,3607,South Lakeland,
E07000031,5_10,1149,South Lakeland,
E07000031,2_5,897,South Lakeland,
E07000031,less2,670,South Lakeland,
E07000032,N/A,0,Amber Valley,
E07000032,born,121480,Amber Valley,
E07000032,10plus,3158,Amber Valley,
E07000032,5_10,811,Amber Valley,
E07000032,2_5,421,Amber Valley,
E07000032,less2,336,Amber Valley,
E07000033,N/A,0,Bolsover,
E07000033,born,75662,Bolsover,
E07000033,10plus,2192,Bolsover,
E07000033,5_10,1338,Bolsover,
E07000033,2_5,612,Bolsover,
E07000033,less2,467,Bolsover,
E07000034,N/A,0,Chesterfield,
E07000034,born,98498,Chesterfield,
E07000034,10plus,3193,Chesterfield,
E07000034,5_10,833,Chesterfield,
E07000034,2_5,562,Chesterfield,
E07000034,less2,483,Chesterfield,
E07000035,N/A,0,Derbyshire Dales,
E07000035,born,68848,Derbyshire Dales,
E07000035,10plus,1901,Derbyshire Dales,
E07000035,5_10,334,Derbyshire Dales,
E07000035,2_5,238,Derbyshire Dales,
E07000035,less2,220,Derbyshire Dales,
E07000036,N/A,0,Erewash,
E07000036,born,106972,Erewash,
E07000036,10plus,3883,Erewash,
E07000036,5_10,1032,Erewash,
E07000036,2_5,634,Erewash,
E07000036,less2,385,Erewash,
E07000037,N/A,0,High Peak,
E07000037,born,87157,High Peak,
E07000037,10plus,2717,High Peak,
E07000037,5_10,490,High Peak,
E07000037,2_5,338,High Peak,
E07000037,less2,231,High Peak,
E07000038,N/A,0,North East Derbyshire,
E07000038,born,98829,North East Derbyshire,
E07000038,10plus,2187,North East Derbyshire,
E07000038,5_10,490,North East Derbyshire,
E07000038,2_5,268,North East Derbyshire,
E07000038,less2,227,North East Derbyshire,
E07000041,N/A,0,Exeter,
E07000041,born,111104,Exeter,
E07000041,10plus,8574,Exeter,
E07000041,5_10,3493,Exeter,
E07000041,2_5,3057,Exeter,
E07000041,less2,4481,Exeter,
E07000042,N/A,0,Mid Devon,
E07000042,born,77676,Mid Devon,
E07000042,10plus,3302,Mid Devon,
E07000042,5_10,884,Mid Devon,
E07000042,2_5,604,Mid Devon,
E07000042,less2,384,Mid Devon,
E07000043,N/A,0,North Devon,
E07000043,born,93196,North Devon,
E07000043,10plus,3457,North Devon,
E07000043,5_10,675,North Devon,
E07000043,2_5,612,North Devon,
E07000043,less2,667,North Devon,
E07000045,N/A,0,Teignbridge,
E07000045,born,127824,Teignbridge,
E07000045,10plus,5204,Teignbridge,
E07000045,5_10,846,Teignbridge,
E07000045,2_5,543,Teignbridge,
E07000045,less2,386,Teignbridge,
E07000046,N/A,0,Torridge,
E07000046,born,65384,Torridge,
E07000046,10plus,1938,Torridge,
E07000046,5_10,321,Torridge,
E07000046,2_5,228,Torridge,
E07000046,less2,243,Torridge,
E07000047,N/A,0,West Devon,
E07000047,born,53989,West Devon,
E07000047,10plus,2161,West Devon,
E07000047,5_10,385,West Devon,
E07000047,2_5,294,West Devon,
E07000047,less2,267,West Devon,
E07000061,N/A,0,Eastbourne,
E07000061,born,86238,Eastbourne,
E07000061,10plus,9476,Eastbourne,
E07000061,5_10,2687,Eastbourne,
E07000061,2_5,1945,Eastbourne,
E07000061,less2,1340,Eastbourne,
E07000062,N/A,0,Hastings,
E07000062,born,80653,Hastings,
E07000062,10plus,6605,Hastings,
E07000062,5_10,1597,Hastings,
E07000062,2_5,1184,Hastings,
E07000062,less2,956,Hastings,
E07000063,N/A,0,Lewes,
E07000063,born,91059,Lewes,
E07000063,10plus,6486,Lewes,
E07000063,5_10,1143,Lewes,
E07000063,2_5,742,Lewes,
E07000063,less2,475,Lewes,
E07000067,N/A,0,Braintree,
E07000067,born,144076,Braintree,
E07000067,10plus,7701,Braintree,
E07000067,5_10,1998,Braintree,
E07000067,2_5,917,Braintree,
E07000067,less2,576,Braintree,
E07000068,N/A,0,Brentwood,
E07000068,born,68392,Brentwood,
E07000068,10plus,5678,Brentwood,
E07000068,5_10,1340,Brentwood,
E07000068,2_5,915,Brentwood,
E07000068,less2,722,Brentwood,
E07000069,N/A,0,Castle Point,
E07000069,born,85303,Castle Point,
E07000069,10plus,3307,Castle Point,
E07000069,5_10,465,Castle Point,
E07000069,2_5,299,Castle Point,
E07000069,less2,213,Castle Point,
E07000070,N/A,0,Chelmsford,
E07000070,born,159914,Chelmsford,
E07000070,10plus,12675,Chelmsford,
E07000070,5_10,3746,Chelmsford,
E07000070,2_5,2594,Chelmsford,
E07000070,less2,2594,Chelmsford,
E07000071,N/A,0,Colchester,
E07000071,born,164707,Colchester,
E07000071,10plus,15531,Colchester,
E07000071,5_10,4994,Colchester,
E07000071,2_5,3629,Colchester,
E07000071,less2,3855,Colchester,
E07000072,N/A,0,Epping Forest,
E07000072,born,116277,Epping Forest,
E07000072,10plus,13165,Epping Forest,
E07000072,5_10,2644,Epping Forest,
E07000072,2_5,1672,Epping Forest,
E07000072,less2,1222,Epping Forest,
E07000074,N/A,0,Maldon,
E07000074,born,63255,Maldon,
E07000074,10plus,2244,Maldon,
E07000074,5_10,338,Maldon,
E07000074,2_5,205,Maldon,
E07000074,less2,166,Maldon,
E07000076,N/A,0,Tendring,
E07000076,born,140821,Tendring,
E07000076,10plus,5744,Tendring,
E07000076,5_10,867,Tendring,
E07000076,2_5,548,Tendring,
E07000076,less2,312,Tendring,
E07000079,N/A,0,Cotswold,
E07000079,born,82833,Cotswold,
E07000079,10plus,5056,Cotswold,
E07000079,5_10,1183,Cotswold,
E07000079,2_5,955,Cotswold,
E07000079,less2,806,Cotswold,
E07000080,N/A,0,Forest of Dean,
E07000080,born,82569,Forest of Dean,
E07000080,10plus,2813,Forest of Dean,
E07000080,5_10,722,Forest of Dean,
E07000080,2_5,459,Forest of Dean,
E07000080,less2,441,Forest of Dean,
E07000082,N/A,0,Stroud,
E07000082,born,113160,Stroud,
E07000082,10plus,5787,Stroud,
E07000082,5_10,1061,Stroud,
E07000082,2_5,662,Stroud,
E07000082,less2,433,Stroud,
E07000084,N/A,0,Basingstoke and Deane,
E07000084,born,157505,Basingstoke and Deane,
E07000084,10plus,16546,Basingstoke and Deane,
E07000084,5_10,4706,Basingstoke and Deane,
E07000084,2_5,3393,Basingstoke and Deane,
E07000084,less2,3007,Basingstoke and Deane,
E07000085,N/A,0,East Hampshire,
E07000085,born,113737,East Hampshire,
E07000085,10plus,8498,East Hampshire,
E07000085,5_10,1567,East Hampshire,
E07000085,2_5,1087,East Hampshire,
E07000085,less2,855,East Hampshire,
E07000086,N/A,0,Eastleigh,
E07000086,born,123713,Eastleigh,
E07000086,10plus,8450,Eastleigh,
E07000086,5_10,2045,Eastleigh,
E07000086,2_5,1306,Eastleigh,
E07000086,less2,928,Eastleigh,
E07000087,N/A,0,Fareham,
E07000087,born,106737,Fareham,
E07000087,10plus,5562,Fareham,
E07000087,5_10,1021,Fareham,
E07000087,2_5,651,Fareham,
E07000087,less2,542,Fareham,
E07000088,N/A,0,Gosport,
E07000088,born,75997,Gosport,
E07000088,10plus,4165,Gosport,
E07000088,5_10,868,Gosport,
E07000088,2_5,509,Gosport,
E07000088,less2,413,Gosport,
E07000089,N/A,0,Hart,
E07000089,born,87770,Hart,
E07000089,10plus,7965,Hart,
E07000089,5_10,1611,Hart,
E07000089,2_5,1071,Hart,
E07000089,less2,991,Hart,
E07000091,N/A,0,New Forest,
E07000091,born,163689,New Forest,
E07000091,10plus,8659,New Forest,
E07000091,5_10,1531,New Forest,
E07000091,2_5,1147,New Forest,
E07000091,less2,759,New Forest,
E07000092,N/A,0,Rushmoor,
E07000092,born,75967,Rushmoor,
E07000092,10plus,13922,Rushmoor,
E07000092,5_10,4472,Rushmoor,
E07000092,2_5,2996,Rushmoor,
E07000092,less2,2399,Rushmoor,
E07000093,N/A,0,Test Valley,
E07000093,born,115982,Test Valley,
E07000093,10plus,9444,Test Valley,
E07000093,5_10,2466,Test Valley,
E07000093,2_5,1516,Test Valley,
E07000093,less2,1084,Test Valley,
E07000094,N/A,0,Winchester,
E07000094,born,113477,Winchester,
E07000094,10plus,8525,Winchester,
E07000094,5_10,1965,Winchester,
E07000094,2_5,1660,Winchester,
E07000094,less2,1817,Winchester,
E07000095,N/A,0,Broxbourne,
E07000095,born,81314,Broxbourne,
E07000095,10plus,12522,Broxbourne,
E07000095,5_10,2620,Broxbourne,
E07000095,2_5,1594,Broxbourne,
E07000095,less2,959,Broxbourne,
E07000096,N/A,0,Dacorum,
E07000096,born,132881,Dacorum,
E07000096,10plus,13998,Dacorum,
E07000096,5_10,3995,Dacorum,
E07000096,2_5,2452,Dacorum,
E07000096,less2,1755,Dacorum,
E07000098,N/A,0,Hertsmere,
E07000098,born,83151,Hertsmere,
E07000098,10plus,16641,Hertsmere,
E07000098,5_10,3840,Hertsmere,
E07000098,2_5,2406,Hertsmere,
E07000098,less2,1789,Hertsmere,
E07000099,N/A,0,North Hertfordshire,
E07000099,born,117793,North Hertfordshire,
E07000099,10plus,10805,North Hertfordshire,
E07000099,5_10,2197,North Hertfordshire,
E07000099,2_5,1451,North Hertfordshire,
E07000099,less2,964,North Hertfordshire,
E07000102,N/A,0,Three Rivers,
E07000102,born,75953,Three Rivers,
E07000102,10plus,13140,Three Rivers,
E07000102,5_10,2268,Three Rivers,
E07000102,2_5,1369,Three Rivers,
E07000102,less2,1041,Three Rivers,
E07000106,N/A,0,Canterbury,
E07000106,born,137129,Canterbury,
E07000106,10plus,10762,Canterbury,
E07000106,5_10,3250,Canterbury,
E07000106,2_5,2721,Canterbury,
E07000106,less2,3567,Canterbury,
E07000107,N/A,0,Dartford,
E07000107,born,93777,Dartford,
E07000107,10plus,14797,Dartford,
E07000107,5_10,4211,Dartford,
E07000107,2_5,2366,Dartford,
E07000107,less2,1602,Dartford,
E07000108,N/A,0,Dover,
E07000108,born,106575,Dover,
E07000108,10plus,6754,Dover,
E07000108,5_10,1560,Dover,
E07000108,2_5,876,Dover,
E07000108,less2,645,Dover,
E07000109,N/A,0,Gravesham,
E07000109,born,86328,Gravesham,
E07000109,10plus,13105,Gravesham,
E07000109,5_10,3933,Gravesham,
E07000109,2_5,2196,Gravesham,
E07000109,less2,1338,Gravesham,
E07000110,N/A,0,Maidstone,
E07000110,born,151237,Maidstone,
E07000110,10plus,13715,Maidstone,
E07000110,5_10,5059,Maidstone,
E07000110,2_5,3387,Maidstone,
E07000110,less2,2387,Maidstone,
E07000111,N/A,0,Sevenoaks,
E07000111,born,107235,Sevenoaks,
E07000111,10plus,8891,Sevenoaks,
E07000111,5_10,1959,Sevenoaks,
E07000111,2_5,1397,Sevenoaks,
E07000111,less2,1032,Sevenoaks,
E07000113,N/A,0,Swale,
E07000113,born,139533,Swale,
E07000113,10plus,7834,Swale,
E07000113,5_10,2183,Swale,
E07000113,2_5,1351,Swale,
E07000113,less2,776,Swale,
E07000114,N/A,0,Thanet,
E07000114,born,126862,Thanet,
E07000114,10plus,9102,Thanet,
E07000114,5_10,2295,Thanet,
E07000114,2_5,1261,Thanet,
E07000114,less2,1067,Thanet,
E07000115,N/A,0,Tonbridge and Malling,
E07000115,born,120359,Tonbridge and Malling,
E07000115,10plus,7968,Tonbridge and Malling,
E07000115,5_10,1856,Tonbridge and Malling,
E07000115,2_5,1131,Tonbridge and Malling,
E07000115,less2,890,Tonbridge and Malling,
E07000116,N/A,0,Tunbridge Wells,
E07000116,born,99728,Tunbridge Wells,
E07000116,10plus,9653,Tunbridge Wells,
E07000116,5_10,2681,Tunbridge Wells,
E07000116,2_5,1752,Tunbridge Wells,
E07000116,less2,1496,Tunbridge Wells,
E07000117,N/A,0,Burnley,
E07000117,born,82579,Burnley,
E07000117,10plus,5977,Burnley,
E07000117,5_10,1884,Burnley,
E07000117,2_5,2155,Burnley,
E07000117,less2,2051,Burnley,
E07000118,N/A,0,Chorley,
E07000118,born,111902,Chorley,
E07000118,10plus,3760,Chorley,
E07000118,5_10,945,Chorley,
E07000118,2_5,632,Chorley,
E07000118,less2,493,Chorley,
E07000121,N/A,0,Lancaster,
E07000121,born,129346,Lancaster,
E07000121,10plus,6342,Lancaster,
E07000121,5_10,2065,Lancaster,
E07000121,2_5,1913,Lancaster,
E07000121,less2,3268,Lancaster,
E07000122,N/A,0,Pendle,
E07000122,born,78852,Pendle,
E07000122,10plus,8000,Pendle,
E07000122,5_10,3155,Pendle,
E07000122,2_5,3065,Pendle,
E07000122,less2,2685,Pendle,
E07000123,N/A,0,Preston,
E07000123,born,119341,Preston,
E07000123,10plus,14528,Preston,
E07000123,5_10,4469,Preston,
E07000123,2_5,4165,Preston,
E07000123,less2,5332,Preston,
E07000125,N/A,0,Rossendale,
E07000125,born,67329,Rossendale,
E07000125,10plus,2623,Rossendale,
E07000125,5_10,434,Rossendale,
E07000125,2_5,252,Rossendale,
E07000125,less2,233,Rossendale,
E07000126,N/A,0,South Ribble,
E07000126,born,105522,South Ribble,
E07000126,10plus,3854,South Ribble,
E07000126,5_10,788,South Ribble,
E07000126,2_5,528,South Ribble,
E07000126,less2,343,South Ribble,
E07000127,N/A,0,West Lancashire,
E07000127,born,110440,West Lancashire,
E07000127,10plus,3773,West Lancashire,
E07000127,5_10,1458,West Lancashire,
E07000127,2_5,959,West Lancashire,
E07000127,less2,798,West Lancashire,
E07000128,N/A,0,Wyre,
E07000128,born,107748,Wyre,
E07000128,10plus,2814,Wyre,
E07000128,5_10,588,Wyre,
E07000128,2_5,378,Wyre,
E07000128,less2,419,Wyre,
E07000129,N/A,0,Blaby,
E07000129,born,93029,Blaby,
E07000129,10plus,6817,Blaby,
E07000129,5_10,1507,Blaby,
E07000129,2_5,957,Blaby,
E07000129,less2,614,Blaby,
E07000130,N/A,0,Charnwood,
E07000130,born,159857,Charnwood,
E07000130,10plus,15121,Charnwood,
E07000130,5_10,3257,Charnwood,
E07000130,2_5,2543,Charnwood,
E07000130,less2,3193,Charnwood,
E07000131,N/A,0,Harborough,
E07000131,born,90617,Harborough,
E07000131,10plus,4886,Harborough,
E07000131,5_10,914,Harborough,
E07000131,2_5,674,Harborough,
E07000131,less2,534,Harborough,
E07000132,N/A,0,Hinckley and Bosworth,
E07000132,born,106587,Hinckley and Bosworth,
E07000132,10plus,4540,Hinckley and Bosworth,
E07000132,5_10,1359,Hinckley and Bosworth,
E07000132,2_5,733,Hinckley and Bosworth,
E07000132,less2,421,Hinckley and Bosworth,
E07000133,N/A,0,Melton,
E07000133,born,48514,Melton,
E07000133,10plus,2224,Melton,
E07000133,5_10,546,Melton,
E07000133,2_5,290,Melton,
E07000133,less2,178,Melton,
E07000134,N/A,0,North West Leicestershire,
E07000134,born,98326,North West Leicestershire,
E07000134,10plus,3816,North West Leicestershire,
E07000134,5_10,1295,North West Leicestershire,
E07000134,2_5,799,North West Leicestershire,
E07000134,less2,471,North West Leicestershire,
E07000135,N/A,0,Oadby and Wigston,
E07000135,born,46568,Oadby and Wigston,
E07000135,10plus,8232,Oadby and Wigston,
E07000135,5_10,1125,Oadby and Wigston,
E07000135,2_5,955,Oadby and Wigston,
E07000135,less2,867,Oadby and Wigston,
E07000137,N/A,0,East Lindsey,
E07000137,born,136421,East Lindsey,
E07000137,10plus,4187,East Lindsey,
E07000137,5_10,780,East Lindsey,
E07000137,2_5,513,East Lindsey,
E07000137,less2,395,East Lindsey,
E07000138,N/A,0,Lincoln,
E07000138,born,88152,Lincoln,
E07000138,10plus,7443,Lincoln,
E07000138,5_10,3239,Lincoln,
E07000138,2_5,2454,Lincoln,
E07000138,less2,2526,Lincoln,
E07000139,N/A,0,North Kesteven,
E07000139,born,110835,North Kesteven,
E07000139,10plus,5322,North Kesteven,
E07000139,5_10,902,North Kesteven,
E07000139,2_5,578,North Kesteven,
E07000139,less2,437,North Kesteven,
E07000140,N/A,0,South Holland,
E07000140,born,81215,South Holland,
E07000140,10plus,7329,South Holland,
E07000140,5_10,3592,South Holland,
E07000140,2_5,1962,South Holland,
E07000140,less2,1024,South Holland,
E07000141,N/A,0,South Kesteven,
E07000141,born,130616,South Kesteven,
E07000141,10plus,8439,South Kesteven,
E07000141,5_10,2344,South Kesteven,
E07000141,2_5,1235,South Kesteven,
E07000141,less2,770,South Kesteven,
E07000143,N/A,0,Breckland,
E07000143,born,126175,Breckland,
E07000143,10plus,8723,Breckland,
E07000143,5_10,3292,Breckland,
E07000143,2_5,1877,Breckland,
E07000143,less2,1409,Breckland,
E07000144,N/A,0,Broadland,
E07000144,born,124296,Broadland,
E07000144,10plus,5273,Broadland,
E07000144,5_10,1082,Broadland,
E07000144,2_5,663,Broadland,
E07000144,less2,407,Broadland,
E07000145,N/A,0,Great Yarmouth,
E07000145,born,89995,Great Yarmouth,
E07000145,10plus,4845,Great Yarmouth,
E07000145,5_10,2204,Great Yarmouth,
E07000145,2_5,1455,Great Yarmouth,
E07000145,less2,1251,Great Yarmouth,
E07000146,N/A,0,Kings Lynn and West Norfolk,
E07000146,born,138376,Kings Lynn and West Norfolk,
E07000146,10plus,8960,Kings Lynn and West Norfolk,
E07000146,5_10,2890,Kings Lynn and West Norfolk,
E07000146,2_5,2151,Kings Lynn and West Norfolk,
E07000146,less2,1947,Kings Lynn and West Norfolk,
E07000148,N/A,0,Norwich,
E07000148,born,118600,Norwich,
E07000148,10plus,11600,Norwich,
E07000148,5_10,5039,Norwich,
E07000148,2_5,4326,Norwich,
E07000148,less2,4357,Norwich,
E07000149,N/A,0,South Norfolk,
E07000149,born,131950,South Norfolk,
E07000149,10plus,6498,South Norfolk,
E07000149,5_10,1634,South Norfolk,
E07000149,2_5,1072,South Norfolk,
E07000149,less2,794,South Norfolk,
E07000163,N/A,0,Craven,
E07000163,born,54295,Craven,
E07000163,10plus,1783,Craven,
E07000163,5_10,376,Craven,
E07000163,2_5,252,Craven,
E07000163,less2,221,Craven,
E07000164,N/A,0,Hambleton,
E07000164,born,86235,Hambleton,
E07000164,10plus,3211,Hambleton,
E07000164,5_10,522,Hambleton,
E07000164,2_5,389,Hambleton,
E07000164,less2,333,Hambleton,
E07000165,N/A,0,Harrogate,
E07000165,born,148113,Harrogate,
E07000165,10plus,8574,Harrogate,
E07000165,5_10,2327,Harrogate,
E07000165,2_5,1983,Harrogate,
E07000165,less2,1669,Harrogate,
E07000166,N/A,0,Richmondshire,
E07000166,born,45405,Richmondshire,
E07000166,10plus,2546,Richmondshire,
E07000166,5_10,545,Richmondshire,
E07000166,2_5,402,Richmondshire,
E07000166,less2,878,Richmondshire,
E07000167,N/A,0,Ryedale,
E07000167,born,51851,Ryedale,
E07000167,10plus,1679,Ryedale,
E07000167,5_10,513,Ryedale,
E07000167,2_5,350,Ryedale,
E07000167,less2,314,Ryedale,
E07000169,N/A,0,Selby,
E07000169,born,86958,Selby,
E07000169,10plus,3005,Selby,
E07000169,5_10,1062,Selby,
E07000169,2_5,607,Selby,
E07000169,less2,356,Selby,
E07000170,N/A,0,Ashfield,
E07000170,born,119087,Ashfield,
E07000170,10plus,4129,Ashfield,
E07000170,5_10,1643,Ashfield,
E07000170,2_5,848,Ashfield,
E07000170,less2,593,Ashfield,
E07000171,N/A,0,Bassetlaw,
E07000171,born,109896,Bassetlaw,
E07000171,10plus,4425,Bassetlaw,
E07000171,5_10,1823,Bassetlaw,
E07000171,2_5,1097,Bassetlaw,
E07000171,less2,564,Bassetlaw,
E07000172,N/A,0,Broxtowe,
E07000172,born,99589,Broxtowe,
E07000172,10plus,6516,Broxtowe,
E07000172,5_10,1894,Broxtowe,
E07000172,2_5,1427,Broxtowe,
E07000172,less2,1514,Broxtowe,
E07000173,N/A,0,Gedling,
E07000173,born,108337,Gedling,
E07000173,10plus,6175,Gedling,
E07000173,5_10,1380,Gedling,
E07000173,2_5,829,Gedling,
E07000173,less2,542,Gedling,
E07000175,N/A,0,Newark and Sherwood,
E07000175,born,114028,Newark and Sherwood,
E07000175,10plus,5144,Newark and Sherwood,
E07000175,5_10,1912,Newark and Sherwood,
E07000175,2_5,1194,Newark and Sherwood,
E07000175,less2,678,Newark and Sherwood,
E07000176,N/A,0,Rushcliffe,
E07000176,born,109177,Rushcliffe,
E07000176,10plus,6702,Rushcliffe,
E07000176,5_10,1237,Rushcliffe,
E07000176,2_5,1008,Rushcliffe,
E07000176,less2,953,Rushcliffe,
E07000177,N/A,0,Cherwell,
E07000177,born,132685,Cherwell,
E07000177,10plus,14702,Cherwell,
E07000177,5_10,5795,Cherwell,
E07000177,2_5,4617,Cherwell,
E07000177,less2,3217,Cherwell,
E07000178,N/A,0,Oxford,
E07000178,born,105387,Oxford,
E07000178,10plus,23957,Oxford,
E07000178,5_10,10145,Oxford,
E07000178,2_5,10076,Oxford,
E07000178,less2,12475,Oxford,
E07000179,N/A,0,South Oxfordshire,
E07000179,born,130136,South Oxfordshire,
E07000179,10plus,11713,South Oxfordshire,
E07000179,5_10,3216,South Oxfordshire,
E07000179,2_5,2304,South Oxfordshire,
E07000179,less2,1716,South Oxfordshire,
E07000180,N/A,0,Vale of White Horse,
E07000180,born,119245,Vale of White Horse,
E07000180,10plus,11423,Vale of White Horse,
E07000180,5_10,3605,Vale of White Horse,
E07000180,2_5,2478,Vale of White Horse,
E07000180,less2,2162,Vale of White Horse,
E07000181,N/A,0,West Oxfordshire,
E07000181,born,102123,West Oxfordshire,
E07000181,10plus,7624,West Oxfordshire,
E07000181,5_10,2033,West Oxfordshire,
E07000181,2_5,1486,West Oxfordshire,
E07000181,less2,971,West Oxfordshire,
E07000187,N/A,0,Mendip,
E07000187,born,106933,Mendip,
E07000187,10plus,5653,Mendip,
E07000187,5_10,1586,Mendip,
E07000187,2_5,1000,Mendip,
E07000187,less2,919,Mendip,
E07000188,N/A,0,Sedgemoor,
E07000188,born,114721,Sedgemoor,
E07000188,10plus,5593,Sedgemoor,
E07000188,5_10,2578,Sedgemoor,
E07000188,2_5,1405,Sedgemoor,
E07000188,less2,1047,Sedgemoor,
E07000189,N/A,0,South Somerset,
E07000189,born,158140,South Somerset,
E07000189,10plus,8376,South Somerset,
E07000189,5_10,2709,South Somerset,
E07000189,2_5,2019,South Somerset,
E07000189,less2,1425,South Somerset,
E07000192,N/A,0,Cannock Chase,
E07000192,born,96919,Cannock Chase,
E07000192,10plus,2213,Cannock Chase,
E07000192,5_10,647,Cannock Chase,
E07000192,2_5,452,Cannock Chase,
E07000192,less2,288,Cannock Chase,
E07000193,N/A,0,East Staffordshire,
E07000193,born,106755,East Staffordshire,
E07000193,10plus,8316,East Staffordshire,
E07000193,5_10,4113,East Staffordshire,
E07000193,2_5,3048,East Staffordshire,
E07000193,less2,1787,East Staffordshire,
E07000194,N/A,0,Lichfield,
E07000194,born,101308,Lichfield,
E07000194,10plus,3467,Lichfield,
E07000194,5_10,750,Lichfield,
E07000194,2_5,574,Lichfield,
E07000194,less2,332,Lichfield,
E07000195,N/A,0,Newcastle-under-Lyme,
E07000195,born,114929,Newcastle-under-Lyme,
E07000195,10plus,4844,Newcastle-under-Lyme,
E07000195,5_10,1495,Newcastle-under-Lyme,
E07000195,2_5,1089,Newcastle-under-Lyme,
E07000195,less2,942,Newcastle-under-Lyme,
E07000196,N/A,0,South Staffordshire,
E07000196,born,106840,South Staffordshire,
E07000196,10plus,2840,South Staffordshire,
E07000196,5_10,370,South Staffordshire,
E07000196,2_5,239,South Staffordshire,
E07000196,less2,186,South Staffordshire,
E07000197,N/A,0,Stafford,
E07000197,born,126625,Stafford,
E07000197,10plus,6036,Stafford,
E07000197,5_10,1880,Stafford,
E07000197,2_5,1488,Stafford,
E07000197,less2,838,Stafford,
E07000199,N/A,0,Tamworth,
E07000199,born,73339,Tamworth,
E07000199,10plus,2435,Tamworth,
E07000199,5_10,1263,Tamworth,
E07000199,2_5,1096,Tamworth,
E07000199,less2,513,Tamworth,
E07000200,N/A,0,Babergh,
E07000200,born,87057,Babergh,
E07000200,10plus,3881,Babergh,
E07000200,5_10,724,Babergh,
E07000200,2_5,424,Babergh,
E07000200,less2,255,Babergh,
E07000203,N/A,0,Mid Suffolk,
E07000203,born,96911,Mid Suffolk,
E07000203,10plus,3919,Mid Suffolk,
E07000203,5_10,744,Mid Suffolk,
E07000203,2_5,511,Mid Suffolk,
E07000203,less2,614,Mid Suffolk,
E07000207,N/A,0,Elmbridge,
E07000207,born,109048,Elmbridge,
E07000207,10plus,18820,Elmbridge,
E07000207,5_10,4634,Elmbridge,
E07000207,2_5,3457,Elmbridge,
E07000207,less2,2795,Elmbridge,
E07000208,N/A,0,Epsom and Ewell,
E07000208,born,63540,Epsom and Ewell,
E07000208,10plus,12050,Epsom and Ewell,
E07000208,5_10,2423,Epsom and Ewell,
E07000208,2_5,1570,Epsom and Ewell,
E07000208,less2,1354,Epsom and Ewell,
E07000209,N/A,0,Guildford,
E07000209,born,116160,Guildford,
E07000209,10plus,14609,Guildford,
E07000209,5_10,4200,Guildford,
E07000209,2_5,3803,Guildford,
E07000209,less2,4878,Guildford,
E07000210,N/A,0,Mole Valley,
E07000210,born,76578,Mole Valley,
E07000210,10plus,7434,Mole Valley,
E07000210,5_10,1507,Mole Valley,
E07000210,2_5,1031,Mole Valley,
E07000210,less2,836,Mole Valley,
E07000211,N/A,0,Reigate and Banstead,
E07000211,born,126218,Reigate and Banstead,
E07000211,10plus,15837,Reigate and Banstead,
E07000211,5_10,3526,Reigate and Banstead,
E07000211,2_5,2864,Reigate and Banstead,
E07000211,less2,2403,Reigate and Banstead,
E07000212,N/A,0,Runnymede,
E07000212,born,70554,Runnymede,
E07000212,10plus,9721,Runnymede,
E07000212,5_10,2832,Runnymede,
E07000212,2_5,2342,Runnymede,
E07000212,less2,2630,Runnymede,
E07000213,N/A,0,Spelthorne,
E07000213,born,81469,Spelthorne,
E07000213,10plus,13922,Spelthorne,
E07000213,5_10,3549,Spelthorne,
E07000213,2_5,2256,Spelthorne,
E07000213,less2,1760,Spelthorne,
E07000215,N/A,0,Tandridge,
E07000215,born,78193,Tandridge,
E07000215,10plus,7089,Tandridge,
E07000215,5_10,1188,Tandridge,
E07000215,2_5,742,Tandridge,
E07000215,less2,662,Tandridge,
E07000216,N/A,0,Waverley,
E07000216,born,111898,Waverley,
E07000216,10plus,10628,Waverley,
E07000216,5_10,2400,Waverley,
E07000216,2_5,1696,Waverley,
E07000216,less2,1605,Waverley,
E07000217,N/A,0,Woking,
E07000217,born,78797,Woking,
E07000217,10plus,14624,Woking,
E07000217,5_10,4262,Woking,
E07000217,2_5,3520,Woking,
E07000217,less2,2740,Woking,
E07000218,N/A,0,North Warwickshire,
E07000218,born,62234,North Warwickshire,
E07000218,10plus,1644,North Warwickshire,
E07000218,5_10,522,North Warwickshire,
E07000218,2_5,434,North Warwickshire,
E07000218,less2,201,North Warwickshire,
E07000219,N/A,0,Nuneaton and Bedworth,
E07000219,born,118758,Nuneaton and Bedworth,
E07000219,10plus,9023,Nuneaton and Bedworth,
E07000219,5_10,3200,Nuneaton and Bedworth,
E07000219,2_5,1972,Nuneaton and Bedworth,
E07000219,less2,1242,Nuneaton and Bedworth,
E07000220,N/A,0,Rugby,
E07000220,born,93470,Rugby,
E07000220,10plus,11016,Rugby,
E07000220,5_10,4673,Rugby,
E07000220,2_5,3305,Rugby,
E07000220,less2,1899,Rugby,
E07000221,N/A,0,Stratford-on-Avon,
E07000221,born,123358,Stratford-on-Avon,
E07000221,10plus,6966,Stratford-on-Avon,
E07000221,5_10,2021,Stratford-on-Avon,
E07000221,2_5,1487,Stratford-on-Avon,
E07000221,less2,893,Stratford-on-Avon,
E07000222,N/A,0,Warwick,
E07000222,born,124265,Warwick,
E07000222,10plus,11836,Warwick,
E07000222,5_10,4115,Warwick,
E07000222,2_5,4267,Warwick,
E07000222,less2,3970,Warwick,
E07000223,N/A,0,Adur,
E07000223,born,59300,Adur,
E07000223,10plus,3730,Adur,
E07000223,5_10,763,Adur,
E07000223,2_5,437,Adur,
E07000223,less2,314,Adur,
E07000224,N/A,0,Arun,
E07000224,born,147218,Arun,
E07000224,10plus,11013,Arun,
E07000224,5_10,3328,Arun,
E07000224,2_5,1962,Arun,
E07000224,less2,1368,Arun,
E07000225,N/A,0,Chichester,
E07000225,born,111578,Chichester,
E07000225,10plus,8024,Chichester,
E07000225,5_10,1861,Chichester,
E07000225,2_5,1415,Chichester,
E07000225,less2,1191,Chichester,
E07000226,N/A,0,Crawley,
E07000226,born,86743,Crawley,
E07000226,10plus,18486,Crawley,
E07000226,5_10,5907,Crawley,
E07000226,2_5,4618,Crawley,
E07000226,less2,2739,Crawley,
E07000227,N/A,0,Horsham,
E07000227,born,131674,Horsham,
E07000227,10plus,9764,Horsham,
E07000227,5_10,2242,Horsham,
E07000227,2_5,1712,Horsham,
E07000227,less2,1388,Horsham,
E07000228,N/A,0,Mid Sussex,
E07000228,born,134395,Mid Sussex,
E07000228,10plus,11629,Mid Sussex,
E07000228,5_10,2752,Mid Sussex,
E07000228,2_5,1999,Mid Sussex,
E07000228,less2,1791,Mid Sussex,
E07000229,N/A,0,Worthing,
E07000229,born,97846,Worthing,
E07000229,10plus,8592,Worthing,
E07000229,5_10,2346,Worthing,
E07000229,2_5,1502,Worthing,
E07000229,less2,1052,Worthing,
E07000234,N/A,0,Bromsgrove,
E07000234,born,94380,Bromsgrove,
E07000234,10plus,3535,Bromsgrove,
E07000234,5_10,515,Bromsgrove,
E07000234,2_5,375,Bromsgrove,
E07000234,less2,378,Bromsgrove,
E07000235,N/A,0,Malvern Hills,
E07000235,born,74872,Malvern Hills,
E07000235,10plus,3050,Malvern Hills,
E07000235,5_10,570,Malvern Hills,
E07000235,2_5,475,Malvern Hills,
E07000235,less2,519,Malvern Hills,
E07000236,N/A,0,Redditch,
E07000236,born,77100,Redditch,
E07000236,10plus,5639,Redditch,
E07000236,5_10,2280,Redditch,
E07000236,2_5,1226,Redditch,
E07000236,less2,791,Redditch,
E07000237,N/A,0,Worcester,
E07000237,born,90586,Worcester,
E07000237,10plus,6890,Worcester,
E07000237,5_10,2574,Worcester,
E07000237,2_5,2025,Worcester,
E07000237,less2,1798,Worcester,
E07000238,N/A,0,Wychavon,
E07000238,born,121686,Wychavon,
E07000238,10plus,6005,Wychavon,
E07000238,5_10,2423,Wychavon,
E07000238,2_5,1463,Wychavon,
E07000238,less2,915,Wychavon,
E07000239,N/A,0,Wyre Forest,
E07000239,born,96555,Wyre Forest,
E07000239,10plus,3398,Wyre Forest,
E07000239,5_10,836,Wyre Forest,
E07000239,2_5,549,Wyre Forest,
E07000239,less2,269,Wyre Forest,
E07000240,N/A,0,St Albans,
E07000240,born,122959,St Albans,
E07000240,10plus,16271,St Albans,
E07000240,5_10,3984,St Albans,
E07000240,2_5,2896,St Albans,
E07000240,less2,2058,St Albans,
E07000241,N/A,0,Welwyn Hatfield,
E07000241,born,93466,Welwyn Hatfield,
E07000241,10plus,14201,Welwyn Hatfield,
E07000241,5_10,4184,Welwyn Hatfield,
E07000241,2_5,3239,Welwyn Hatfield,
E07000241,less2,4746,Welwyn Hatfield,
E07000242,N/A,0,East Hertfordshire,
E07000242,born,133893,East Hertfordshire,
E07000242,10plus,9694,East Hertfordshire,
E07000242,5_10,2742,East Hertfordshire,
E07000242,2_5,2196,East Hertfordshire,
E07000242,less2,1633,East Hertfordshire,
E07000243,N/A,0,Stevenage,
E07000243,born,74744,Stevenage,
E07000243,10plus,8932,Stevenage,
E07000243,5_10,2522,Stevenage,
E07000243,2_5,1826,Stevenage,
E07000243,less2,1471,Stevenage,
E07000244,N/A,0,East Suffolk,
E07000244,born,231386,East Suffolk,
E07000244,10plus,10093,East Suffolk,
E07000244,5_10,2134,East Suffolk,
E07000244,2_5,1476,East Suffolk,
E07000244,less2,968,East Suffolk,
E07000245,N/A,0,West Suffolk,
E07000245,born,149325,West Suffolk,
E07000245,10plus,11662,West Suffolk,
E07000245,5_10,4061,West Suffolk,
E07000245,2_5,6541,West Suffolk,
E07000245,less2,8359,West Suffolk,
E07000246,N/A,0,Somerset West and Taunton,
E07000246,born,142957,Somerset West and Taunton,
E07000246,10plus,8040,Somerset West and Taunton,
E07000246,5_10,2380,Somerset West and Taunton,
E07000246,2_5,1901,Somerset West and Taunton,
E07000246,less2,2166,Somerset West and Taunton,
E08000002,N/A,0,Bury,
E08000002,born,170444,Bury,
E08000002,10plus,13803,Bury,
E08000002,5_10,4031,Bury,
E08000002,2_5,3318,Bury,
E08000002,less2,2255,Bury,
E08000003,N/A,0,Manchester,
E08000003,born,378730,Manchester,
E08000003,10plus,83353,Manchester,
E08000003,5_10,33277,Manchester,
E08000003,2_5,27827,Manchester,
E08000003,less2,28751,Manchester,
E08000004,N/A,0,Oldham,
E08000004,born,201825,Oldham,
E08000004,10plus,23194,Oldham,
E08000004,5_10,6718,Oldham,
E08000004,2_5,6332,Oldham,
E08000004,less2,4019,Oldham,
E08000005,N/A,0,Rochdale,
E08000005,born,189122,Rochdale,
E08000005,10plus,20871,Rochdale,
E08000005,5_10,5778,Rochdale,
E08000005,2_5,4499,Rochdale,
E08000005,less2,3503,Rochdale,
E08000006,N/A,0,Salford,
E08000006,born,218617,Salford,
E08000006,10plus,22135,Salford,
E08000006,5_10,11949,Salford,
E08000006,2_5,8953,Salford,
E08000006,less2,8270,Salford,
E08000007,N/A,0,Stockport,
E08000007,born,266918,Stockport,
E08000007,10plus,18412,Stockport,
E08000007,5_10,3957,Stockport,
E08000007,2_5,3186,Stockport,
E08000007,less2,2300,Stockport,
E08000008,N/A,0,Tameside,
E08000008,born,207201,Tameside,
E08000008,10plus,14328,Tameside,
E08000008,5_10,4277,Tameside,
E08000008,2_5,3053,Tameside,
E08000008,less2,2212,Tameside,
E08000009,N/A,0,Trafford,
E08000009,born,200116,Trafford,
E08000009,10plus,22811,Trafford,
E08000009,5_10,4855,Trafford,
E08000009,2_5,3783,Trafford,
E08000009,less2,3487,Trafford,
E08000010,N/A,0,Wigan,
E08000010,born,308857,Wigan,
E08000010,10plus,10715,Wigan,
E08000010,5_10,4148,Wigan,
E08000010,2_5,3248,Wigan,
E08000010,less2,2363,Wigan,
E08000011,N/A,0,Knowsley,
E08000011,born,146552,Knowsley,
E08000011,10plus,3864,Knowsley,
E08000011,5_10,1740,Knowsley,
E08000011,2_5,1279,Knowsley,
E08000011,less2,1083,Knowsley,
E08000012,N/A,0,Liverpool,
E08000012,born,413636,Liverpool,
E08000012,10plus,29717,Liverpool,
E08000012,5_10,15092,Liverpool,
E08000012,2_5,13078,Liverpool,
E08000012,less2,14565,Liverpool,
E08000013,N/A,0,St. Helens,
E08000013,born,174056,St. Helens,
E08000013,10plus,4682,St. Helens,
E08000013,5_10,1908,St. Helens,
E08000013,2_5,1494,St. Helens,
E08000013,less2,1108,St. Helens,
E08000014,N/A,0,Sefton,
E08000014,born,261264,Sefton,
E08000014,10plus,10042,Sefton,
E08000014,5_10,3297,Sefton,
E08000014,2_5,2594,Sefton,
E08000014,less2,2036,Sefton,
E08000015,N/A,0,Wirral,
E08000015,born,302789,Wirral,
E08000015,10plus,11667,Wirral,
E08000015,5_10,2460,Wirral,
E08000015,2_5,1877,Wirral,
E08000015,less2,1406,Wirral,
E08000016,N/A,0,Barnsley,
E08000016,born,228841,Barnsley,
E08000016,10plus,7058,Barnsley,
E08000016,5_10,4074,Barnsley,
E08000016,2_5,2932,Barnsley,
E08000016,less2,1667,Barnsley,
E08000017,N/A,0,Doncaster,
E08000017,born,275987,Doncaster,
E08000017,10plus,15539,Doncaster,
E08000017,5_10,7414,Doncaster,
E08000017,2_5,5621,Doncaster,
E08000017,less2,3545,Doncaster,
E08000018,N/A,0,Rotherham,
E08000018,born,247612,Rotherham,
E08000018,10plus,11326,Rotherham,
E08000018,5_10,3140,Rotherham,
E08000018,2_5,2185,Rotherham,
E08000018,less2,1543,Rotherham,
E08000021,N/A,0,Newcastle upon Tyne,
E08000021,born,247792,Newcastle upon Tyne,
E08000021,10plus,23563,Newcastle upon Tyne,
E08000021,5_10,9106,Newcastle upon Tyne,
E08000021,2_5,9133,Newcastle upon Tyne,
E08000021,less2,10531,Newcastle upon Tyne,
E08000022,N/A,0,North Tyneside,
E08000022,born,197429,North Tyneside,
E08000022,10plus,7158,North Tyneside,
E08000022,5_10,1872,North Tyneside,
E08000022,2_5,1400,North Tyneside,
E08000022,less2,1109,North Tyneside,
E08000023,N/A,0,South Tyneside,
E08000023,born,141225,South Tyneside,
E08000023,10plus,4047,South Tyneside,
E08000023,5_10,955,South Tyneside,
E08000023,2_5,784,South Tyneside,
E08000023,less2,765,South Tyneside,
E08000024,N/A,0,Sunderland,
E08000024,born,260190,Sunderland,
E08000024,10plus,7528,Sunderland,
E08000024,5_10,1910,Sunderland,
E08000024,2_5,1685,Sunderland,
E08000024,less2,2859,Sunderland,
E08000025,N/A,0,Birmingham,
E08000025,born,838959,Birmingham,
E08000025,10plus,187017,Birmingham,
E08000025,5_10,48664,Birmingham,
E08000025,2_5,37797,Birmingham,
E08000025,less2,32482,Birmingham,
E08000026,N/A,0,Coventry,
E08000026,born,248991,Coventry,
E08000026,10plus,47774,Coventry,
E08000026,5_10,17054,Coventry,
E08000026,2_5,15302,Coventry,
E08000026,less2,16203,Coventry,
E08000027,N/A,0,Dudley,
E08000027,born,297930,Dudley,
E08000027,10plus,16181,Dudley,
E08000027,5_10,3915,Dudley,
E08000027,2_5,3347,Dudley,
E08000027,less2,2116,Dudley,
E08000028,N/A,0,Sandwell,
E08000028,born,261213,Sandwell,
E08000028,10plus,47319,Sandwell,
E08000028,5_10,14738,Sandwell,
E08000028,2_5,10962,Sandwell,
E08000028,less2,7600,Sandwell,
E08000029,N/A,0,Solihull,
E08000029,born,193991,Solihull,
E08000029,10plus,14997,Solihull,
E08000029,5_10,3194,Solihull,
E08000029,2_5,2264,Solihull,
E08000029,less2,1793,Solihull,
E08000030,N/A,0,Walsall,
E08000030,born,242162,Walsall,
E08000030,10plus,25755,Walsall,
E08000030,5_10,7317,Walsall,
E08000030,2_5,5482,Walsall,
E08000030,less2,3411,Walsall,
E08000031,N/A,0,Wolverhampton,
E08000031,born,203312,Wolverhampton,
E08000031,10plus,33878,Wolverhampton,
E08000031,5_10,10517,Wolverhampton,
E08000031,2_5,9081,Wolverhampton,
E08000031,less2,6939,Wolverhampton,
E08000032,N/A,0,Bradford,
E08000032,born,444477,Bradford,
E08000032,10plus,66970,Bradford,
E08000032,5_10,14594,Bradford,
E08000032,2_5,11116,Bradford,
E08000032,less2,9254,Bradford,
E08000033,N/A,0,Calderdale,
E08000033,born,189037,Calderdale,
E08000033,10plus,12128,Calderdale,
E08000033,5_10,2224,Calderdale,
E08000033,2_5,1811,Calderdale,
E08000033,less2,1431,Calderdale,
E08000034,N/A,0,Kirklees,
E08000034,born,378708,Kirklees,
E08000034,10plus,36566,Kirklees,
E08000034,5_10,7218,Kirklees,
E08000034,2_5,5308,Kirklees,
E08000034,less2,5416,Kirklees,
E08000035,N/A,0,Leeds,
E08000035,born,683681,Leeds,
E08000035,10plus,67831,Leeds,
E08000035,5_10,23147,Leeds,
E08000035,2_5,18863,Leeds,
E08000035,less2,18432,Leeds,
E08000036,N/A,0,Wakefield,
E08000036,born,323296,Wakefield,
E08000036,10plus,16305,Wakefield,
E08000036,5_10,6991,Wakefield,
E08000036,2_5,4022,Wakefield,
E08000036,less2,2756,Wakefield,
E08000037,N/A,0,Gateshead,
E08000037,born,181578,Gateshead,
E08000037,10plus,7412,Gateshead,
E08000037,5_10,2807,Gateshead,
E08000037,2_5,2510,Gateshead,
E08000037,less2,1844,Gateshead,
E09000001,N/A,0,City of London,
E09000001,born,4327,City of London,
E09000001,10plus,1690,City of London,
E09000001,5_10,745,City of London,
E09000001,2_5,838,City of London,
E09000001,less2,983,City of London,
E09000002,N/A,0,Barking and Dagenham,
E09000002,born,128483,Barking and Dagenham,
E09000002,10plus,54916,Barking and Dagenham,
E09000002,5_10,17197,Barking and Dagenham,
E09000002,2_5,10893,Barking and Dagenham,
E09000002,less2,7382,Barking and Dagenham,
E09000003,N/A,0,Barnet,
E09000003,born,221293,Barnet,
E09000003,10plus,104882,Barnet,
E09000003,5_10,27670,Barnet,
E09000003,2_5,20652,Barnet,
E09000003,less2,14847,Barnet,
E09000004,N/A,0,Bexley,
E09000004,born,194714,Bexley,
E09000004,10plus,36134,Bexley,
E09000004,5_10,8099,Bexley,
E09000004,2_5,4441,Bexley,
E09000004,less2,3085,Bexley,
E09000005,N/A,0,Brent,
E09000005,born,149239,Brent,
E09000005,10plus,114217,Brent,
E09000005,5_10,33145,Brent,
E09000005,2_5,24671,Brent,
E09000005,less2,18544,Brent,
E09000006,N/A,0,Bromley,
E09000006,born,263052,Bromley,
E09000006,10plus,45400,Bromley,
E09000006,5_10,10349,Bromley,
E09000006,2_5,6656,Bromley,
E09000006,less2,4534,Bromley,
E09000007,N/A,0,Camden,
E09000007,born,114647,Camden,
E09000007,10plus,50482,Camden,
E09000007,5_10,14085,Camden,
E09000007,2_5,14132,Camden,
E09000007,less2,16790,Camden,
E09000008,N/A,0,Croydon,
E09000008,born,254536,Croydon,
E09000008,10plus,92122,Croydon,
E09000008,5_10,21030,Croydon,
E09000008,2_5,13550,Croydon,
E09000008,less2,9481,Croydon,
E09000009,N/A,0,Ealing,
E09000009,born,180561,Ealing,
E09000009,10plus,114277,Ealing,
E09000009,5_10,31490,Ealing,
E09000009,2_5,23673,Ealing,
E09000009,less2,17114,Ealing,
E09000010,N/A,0,Enfield,
E09000010,born,196824,Enfield,
E09000010,10plus,91954,Enfield,
E09000010,5_10,19515,Enfield,
E09000010,2_5,13189,Enfield,
E09000010,less2,8502,Enfield,
E09000011,N/A,0,Greenwich,
E09000011,born,180578,Greenwich,
E09000011,10plus,64103,Greenwich,
E09000011,5_10,20497,Greenwich,
E09000011,2_5,13601,Greenwich,
E09000011,less2,10289,Greenwich,
E09000013,N/A,0,Hammersmith and Fulham,
E09000013,born,99818,Hammersmith and Fulham,
E09000013,10plus,44057,Hammersmith and Fulham,
E09000013,5_10,14372,Hammersmith and Fulham,
E09000013,2_5,13213,Hammersmith and Fulham,
E09000013,less2,11697,Hammersmith and Fulham,
E09000014,N/A,0,Haringey,
E09000014,born,143117,Haringey,
E09000014,10plus,72112,Haringey,
E09000014,5_10,21941,Haringey,
E09000014,2_5,16308,Haringey,
E09000014,less2,10760,Haringey,
E09000015,N/A,0,Harrow,
E09000015,born,127612,Harrow,
E09000015,10plus,86751,Harrow,
E09000015,5_10,20690,Harrow,
E09000015,2_5,14959,Harrow,
E09000015,less2,11191,Harrow,
E09000016,N/A,0,Havering,
E09000016,born,211166,Havering,
E09000016,10plus,32710,Havering,
E09000016,5_10,9085,Havering,
E09000016,2_5,5357,Havering,
E09000016,less2,3735,Havering,
E09000017,N/A,0,Hillingdon,
E09000017,born,188260,Hillingdon,
E09000017,10plus,73764,Hillingdon,
E09000017,5_10,18355,Hillingdon,
E09000017,2_5,14038,Hillingdon,
E09000017,less2,11492,Hillingdon,
E09000018,N/A,0,Hounslow,
E09000018,born,145556,Hounslow,
E09000018,10plus,82025,Hounslow,
E09000018,5_10,24722,Hounslow,
E09000018,2_5,20605,Hounslow,
E09000018,less2,15273,Hounslow,
E09000019,N/A,0,Islington,
E09000019,born,130213,Islington,
E09000019,10plus,46060,Islington,
E09000019,5_10,14064,Islington,
E09000019,2_5,13560,Islington,
E09000019,less2,12692,Islington,
E09000020,N/A,0,Kensington and Chelsea,
E09000020,born,66063,Kensington and Chelsea,
E09000020,10plus,41136,Kensington and Chelsea,
E09000020,5_10,12457,Kensington and Chelsea,
E09000020,2_5,11494,Kensington and Chelsea,
E09000020,less2,12225,Kensington and Chelsea,
E09000021,N/A,0,Kingston upon Thames,
E09000021,born,111412,Kingston upon Thames,
E09000021,10plus,34729,Kingston upon Thames,
E09000021,5_10,9210,Kingston upon Thames,
E09000021,2_5,6806,Kingston upon Thames,
E09000021,less2,5904,Kingston upon Thames,
E09000022,N/A,0,Lambeth,
E09000022,born,195091,Lambeth,
E09000022,10plus,74439,Lambeth,
E09000022,5_10,19775,Lambeth,
E09000022,2_5,15609,Lambeth,
E09000022,less2,12740,Lambeth,
E09000023,N/A,0,Lewisham,
E09000023,born,193483,Lewisham,
E09000023,10plus,67979,Lewisham,
E09000023,5_10,18646,Lewisham,
E09000023,2_5,12051,Lewisham,
E09000023,less2,8392,Lewisham,
E09000024,N/A,0,Merton,
E09000024,born,127245,Merton,
E09000024,10plus,54478,Merton,
E09000024,5_10,15491,Merton,
E09000024,2_5,10659,Merton,
E09000024,less2,7312,Merton,
E09000025,N/A,0,Newham,
E09000025,born,162447,Newham,
E09000025,10plus,101180,Newham,
E09000025,5_10,35229,Newham,
E09000025,2_5,29139,Newham,
E09000025,less2,23040,Newham,
E09000026,N/A,0,Redbridge,
E09000026,born,174963,Redbridge,
E09000026,10plus,83717,Redbridge,
E09000026,5_10,21811,Redbridge,
E09000026,2_5,17368,Redbridge,
E09000026,less2,12401,Redbridge,
E09000027,N/A,0,Richmond upon Thames,
E09000027,born,139053,Richmond upon Thames,
E09000027,10plus,33638,Richmond upon Thames,
E09000027,5_10,9235,Richmond upon Thames,
E09000027,2_5,7344,Richmond upon Thames,
E09000027,less2,6006,Richmond upon Thames,
E09000028,N/A,0,Southwark,
E09000028,born,182392,Southwark,
E09000028,10plus,71822,Southwark,
E09000028,5_10,21052,Southwark,
E09000028,2_5,16975,Southwark,
E09000028,less2,15397,Southwark,
E09000029,N/A,0,Sutton,
E09000029,born,151447,Sutton,
E09000029,10plus,39540,Sutton,
E09000029,5_10,9443,Sutton,
E09000029,2_5,5379,Sutton,
E09000029,less2,3829,Sutton,
E09000030,N/A,0,Tower Hamlets,
E09000030,born,165081,Tower Hamlets,
E09000030,10plus,70066,Tower Hamlets,
E09000030,5_10,26808,Tower Hamlets,
E09000030,2_5,24248,Tower Hamlets,
E09000030,less2,24103,Tower Hamlets,
E09000031,N/A,0,Waltham Forest,
E09000031,born,171070,Waltham Forest,
E09000031,10plus,66599,Waltham Forest,
E09000031,5_10,19580,Waltham Forest,
E09000031,2_5,13262,Waltham Forest,
E09000031,less2,7915,Waltham Forest,
E09000032,N/A,0,Wandsworth,
E09000032,born,203322,Wandsworth,
E09000032,10plus,68220,Wandsworth,
E09000032,5_10,23762,Wandsworth,
E09000032,2_5,18270,Wandsworth,
E09000032,less2,13932,Wandsworth,
E09000033,N/A,0,Westminster,
E09000033,born,90702,Westminster,
E09000033,10plus,57108,Westminster,
E09000033,5_10,17692,Westminster,
E09000033,2_5,17883,Westminster,
E09000033,less2,20851,Westminster,
W06000001,N/A,0,Isle of Anglesey,
W06000001,born,66583,Isle of Anglesey,
W06000001,10plus,1727,Isle of Anglesey,
W06000001,5_10,246,Isle of Anglesey,
W06000001,2_5,190,Isle of Anglesey,
W06000001,less2,131,Isle of Anglesey,
W06000002,N/A,0,Gwynedd,
W06000002,born,111034,Gwynedd,
W06000002,10plus,3226,Gwynedd,
W06000002,5_10,908,Gwynedd,
W06000002,2_5,935,Gwynedd,
W06000002,less2,1290,Gwynedd,
W06000003,N/A,0,Conwy,
W06000003,born,108801,Conwy,
W06000003,10plus,4158,Conwy,
W06000003,5_10,802,Conwy,
W06000003,2_5,586,Conwy,
W06000003,less2,394,Conwy,
W06000004,N/A,0,Denbighshire,
W06000004,born,91306,Denbighshire,
W06000004,10plus,3036,Denbighshire,
W06000004,5_10,581,Denbighshire,
W06000004,2_5,415,Denbighshire,
W06000004,less2,479,Denbighshire,
W06000005,N/A,0,Flintshire,
W06000005,born,144952,Flintshire,
W06000005,10plus,5561,Flintshire,
W06000005,5_10,2206,Flintshire,
W06000005,2_5,1436,Flintshire,
W06000005,less2,807,Flintshire,
W06000006,N/A,0,Wrexham,
W06000006,born,124476,Wrexham,
W06000006,10plus,5911,Wrexham,
W06000006,5_10,2092,Wrexham,
W06000006,2_5,1610,Wrexham,
W06000006,less2,1028,Wrexham,
W06000008,N/A,0,Ceredigion,
W06000008,born,66430,Ceredigion,
W06000008,10plus,2683,Ceredigion,
W06000008,5_10,609,Ceredigion,
W06000008,2_5,763,Ceredigion,
W06000008,less2,990,Ceredigion,
W06000009,N/A,0,Pembrokeshire,
W06000009,born,117408,Pembrokeshire,
W06000009,10plus,4207,Pembrokeshire,
W06000009,5_10,701,Pembrokeshire,
W06000009,2_5,584,Pembrokeshire,
W06000009,less2,460,Pembrokeshire,
W06000010,N/A,0,Carmarthenshire,
W06000010,born,178385,Carmarthenshire,
W06000010,10plus,6120,Carmarthenshire,
W06000010,5_10,1657,Carmarthenshire,
W06000010,2_5,944,Carmarthenshire,
W06000010,less2,791,Carmarthenshire,
W06000011,N/A,0,Swansea,
W06000011,born,216019,Swansea,
W06000011,10plus,12185,Swansea,
W06000011,5_10,3893,Swansea,
W06000011,2_5,2960,Swansea,
W06000011,less2,3433,Swansea,
W06000012,N/A,0,Neath Port Talbot,
W06000012,born,137115,Neath Port Talbot,
W06000012,10plus,3363,Neath Port Talbot,
W06000012,5_10,715,Neath Port Talbot,
W06000012,2_5,560,Neath Port Talbot,
W06000012,less2,536,Neath Port Talbot,
W06000013,N/A,0,Bridgend,
W06000013,born,139225,Bridgend,
W06000013,10plus,4339,Bridgend,
W06000013,5_10,885,Bridgend,
W06000013,2_5,535,Bridgend,
W06000013,less2,504,Bridgend,
W06000014,N/A,0,Vale of Glamorgan,
W06000014,born,124315,Vale of Glamorgan,
W06000014,10plus,5343,Vale of Glamorgan,
W06000014,5_10,889,Vale of Glamorgan,
W06000014,2_5,681,Vale of Glamorgan,
W06000014,less2,711,Vale of Glamorgan,
W06000015,N/A,0,Cardiff,
W06000015,born,302460,Cardiff,
W06000015,10plus,31076,Cardiff,
W06000015,5_10,10196,Cardiff,
W06000015,2_5,8329,Cardiff,
W06000015,less2,10247,Cardiff,
W06000016,N/A,0,Rhondda Cynon Taf,
W06000016,born,228753,Rhondda Cynon Taf,
W06000016,10plus,5083,Rhondda Cynon Taf,
W06000016,5_10,1253,Rhondda Cynon Taf,
W06000016,2_5,1054,Rhondda Cynon Taf,
W06000016,less2,1509,Rhondda Cynon Taf,
W06000018,N/A,0,Caerphilly,
W06000018,born,170772,Caerphilly,
W06000018,10plus,3624,Caerphilly,
W06000018,5_10,890,Caerphilly,
W06000018,2_5,400,Caerphilly,
W06000018,less2,266,Caerphilly,
W06000019,N/A,0,Blaenau Gwent,
W06000019,born,64757,Blaenau Gwent,
W06000019,10plus,1291,Blaenau Gwent,
W06000019,5_10,425,Blaenau Gwent,
W06000019,2_5,274,Blaenau Gwent,
W06000019,less2,157,Blaenau Gwent,
W06000020,N/A,0,Torfaen,
W06000020,born,88990,Torfaen,
W06000020,10plus,2288,Torfaen,
W06000020,5_10,496,Torfaen,
W06000020,2_5,318,Torfaen,
W06000020,less2,181,Torfaen,
W06000021,N/A,0,Monmouthshire,
W06000021,born,87843,Monmouthshire,
W06000021,10plus,3509,Monmouthshire,
W06000021,5_10,650,Monmouthshire,
W06000021,2_5,505,Monmouthshire,
W06000021,less2,450,Monmouthshire,
W06000022,N/A,0,Newport,
W06000022,born,140174,Newport,
W06000022,10plus,11170,Newport,
W06000022,5_10,3634,Newport,
W06000022,2_5,2617,Newport,
W06000022,less2,1996,Newport,
W06000023,N/A,0,Powys,
W06000023,born,126711,Powys,
E06000007,N/A,0,Warrington,
E06000007,born,191226,Warrington,
E06000007,10plus,10267,Warrington,
E06000007,5_10,4174,Warrington,
E06000007,2_5,3009,Warrington,
E06000007,less2,2298,Warrington,
E06000008,N/A,0,Blackburn with Darwen,
E06000008,born,126745,Blackburn with Darwen,
E06000008,10plus,17848,Blackburn with Darwen,
E06000008,5_10,3800,Blackburn with Darwen,
E06000008,2_5,3393,Blackburn with Darwen,
E06000008,less2,2952,Blackburn with Darwen,
E06000009,N/A,0,Blackpool,
E06000009,born,129903,Blackpool,
E06000009,10plus,6293,Blackpool,
E06000009,5_10,1947,Blackpool,
E06000009,2_5,1386,Blackpool,
E06000009,less2,1507,Blackpool,
E06000010,N/A,0,Kingston upon Hull,
E06000010,born,232051,Kingston upon Hull,
E06000010,10plus,15335,Kingston upon Hull,
E06000010,5_10,8818,Kingston upon Hull,
E06000010,2_5,6044,Kingston upon Hull,
E06000010,less2,4766,Kingston upon Hull,
E06000013,N/A,0,North Lincolnshire,
E06000013,born,153709,North Lincolnshire,
E06000013,10plus,8528,North Lincolnshire,
E06000013,5_10,3333,North Lincolnshire,
E06000013,2_5,2377,North Lincolnshire,
E06000013,less2,1733,North Lincolnshire,
E06000016,N/A,0,Leicester,
E06000016,born,217078,Leicester,
E06000016,10plus,84214,Leicester,
E06000016,5_10,27890,Leicester,
E06000016,2_5,20997,Leicester,
E06000016,less2,18392,Leicester,
E06000022,N/A,0,Bath and North East Somerset,
E06000022,born,170090,Bath and North East Somerset,
E06000022,10plus,11637,Bath and North East Somerset,
E06000022,5_10,4042,Bath and North East Somerset,
E06000022,2_5,3331,Bath and North East Somerset,
E06000022,less2,4309,Bath and North East Somerset,
E06000025,N/A,0,South Gloucestershire,
E06000025,born,259756,South Gloucestershire,
E06000025,10plus,16321,South Gloucestershire,
E06000025,5_10,6070,South Gloucestershire,
E06000025,2_5,4430,South Gloucestershire,
E06000025,less2,3847,South Gloucestershire,
E06000030,N/A,0,Swindon,
E06000030,born,185756,Swindon,
E06000030,10plus,24181,Swindon,
E06000030,5_10,9854,Swindon,
E06000030,2_5,8093,Swindon,
E06000030,less2,5526,Swindon,
E06000033,N/A,0,Southend-on-Sea,
E06000033,born,158100,Southend-on-Sea,
E06000033,10plus,14927,Southend-on-Sea,
E06000033,5_10,3484,Southend-on-Sea,
E06000033,2_5,2295,Southend-on-Sea,
E06000033,less2,1883,Southend-on-Sea,
E06000034,N/A,0,Thurrock,
E06000034,born,139059,Thurrock,
E06000034,10plus,22752,Thurrock,
E06000034,5_10,7544,Thurrock,
E06000034,2_5,4086,Thurrock,
E06000034,less2,2559,Thurrock,
E06000046,N/A,0,Isle of Wight,
E06000046,born,131851,Isle of Wight,
E06000046,10plus,5989,Isle of Wight,
E06000046,5_10,1036,Isle of Wight,
E06000046,2_5,777,Isle of Wight,
E06000046,less2,806,Isle of Wight,
E06000049,N/A,0,Cheshire East,
E06000049,born,365637,Cheshire East,
E06000049,10plus,17894,Cheshire East,
E06000049,5_10,6333,Cheshire East,
E06000049,2_5,4878,Cheshire East,
E06000049,less2,4030,Cheshire East,
E06000052,N/A,0,Cornwall,
E06000052,born,540148,Cornwall,
E06000052,10plus,19798,Cornwall,
E06000052,5_10,4456,Cornwall,
E06000052,2_5,3071,Cornwall,
E06000052,less2,2834,Cornwall,
E07000011,N/A,0,Huntingdonshire,
E07000011,born,158430,Huntingdonshire,
E07000011,10plus,12971,Huntingdonshire,
E07000011,5_10,4050,Huntingdonshire,
E07000011,2_5,2994,Huntingdonshire,
E07000011,less2,2387,Huntingdonshire,
E07000039,N/A,0,South Derbyshire,
E07000039,born,100786,South Derbyshire,
E07000039,10plus,4173,South Derbyshire,
E07000039,5_10,1210,South Derbyshire,
E07000039,2_5,672,South Derbyshire,
E07000039,less2,367,South Derbyshire,
E07000040,N/A,0,East Devon,
E07000040,born,141530,East Devon,
E07000040,10plus,6265,East Devon,
E07000040,5_10,1390,East Devon,
E07000040,2_5,937,East Devon,
E07000040,less2,706,East Devon,
E07000044,N/A,0,South Hams,
E07000044,born,83086,South Hams,
E07000044,10plus,3919,South Hams,
E07000044,5_10,600,South Hams,
E07000044,2_5,540,South Hams,
E07000044,less2,484,South Hams,
E07000064,N/A,0,Rother,
E07000064,born,86089,Rother,
E07000064,10plus,5084,Rother,
E07000064,5_10,804,Rother,
E07000064,2_5,602,Rother,
E07000064,less2,531,Rother,
E07000065,N/A,0,Wealden,
E07000065,born,147986,Wealden,
E07000065,10plus,8913,Wealden,
E07000065,5_10,1474,Wealden,
E07000065,2_5,955,Wealden,
E07000065,less2,823,Wealden,
E07000066,N/A,0,Basildon,
E07000066,born,165407,Basildon,
E07000066,10plus,13711,Basildon,
E07000066,5_10,4093,Basildon,
E07000066,2_5,2494,Basildon,
E07000066,less2,1866,Basildon,
E07000073,N/A,0,Harlow,
E07000073,born,76255,Harlow,
E07000073,10plus,9582,Harlow,
E07000073,5_10,3470,Harlow,
E07000073,2_5,2281,Harlow,
E07000073,less2,1740,Harlow,
E07000078,N/A,0,Cheltenham,
E07000078,born,101541,Cheltenham,
E07000078,10plus,9527,Cheltenham,
E07000078,5_10,3212,Cheltenham,
E07000078,2_5,2494,Cheltenham,
E07000078,less2,2062,Cheltenham,
E07000081,N/A,0,Gloucester,
E07000081,born,113343,Gloucester,
E07000081,10plus,11479,Gloucester,
E07000081,5_10,3629,Gloucester,
E07000081,2_5,2360,Gloucester,
E07000081,less2,1606,Gloucester,
E07000083,N/A,0,Tewkesbury,
E07000083,born,87116,Tewkesbury,
E07000083,10plus,4966,Tewkesbury,
E07000083,5_10,1324,Tewkesbury,
E07000083,2_5,980,Tewkesbury,
E07000083,less2,498,Tewkesbury,
E07000090,N/A,0,Havant,
E07000090,born,116201,Havant,
E07000090,10plus,5752,Havant,
E07000090,5_10,1070,Havant,
E07000090,2_5,688,Havant,
E07000090,less2,495,Havant,
E07000103,N/A,0,Watford,
E07000103,born,67527,Watford,
E07000103,10plus,20098,Watford,
E07000103,5_10,6274,Watford,
E07000103,2_5,4862,Watford,
E07000103,less2,3485,Watford,
E07000112,N/A,0,Folkestone and Hythe,
E07000112,born,98281,Folkestone and Hythe,
E07000112,10plus,7732,Folkestone and Hythe,
E07000112,5_10,1672,Folkestone and Hythe,
E07000112,2_5,1258,Folkestone and Hythe,
E07000112,less2,815,Folkestone and Hythe,
E07000119,N/A,0,Fylde,
E07000119,born,76530,Fylde,
E07000119,10plus,3233,Fylde,
E07000119,5_10,670,Fylde,
E07000119,2_5,488,Fylde,
E07000119,less2,452,Fylde,
E07000120,N/A,0,Hyndburn,
E07000120,born,74872,Hyndburn,
E07000120,10plus,5023,Hyndburn,
E07000120,5_10,1062,Hyndburn,
E07000120,2_5,740,Hyndburn,
E07000120,less2,537,Hyndburn,
E07000124,N/A,0,Ribble Valley,
E07000124,born,58971,Ribble Valley,
E07000124,10plus,1764,Ribble Valley,
E07000124,5_10,298,Ribble Valley,
E07000124,2_5,261,Ribble Valley,
E07000124,less2,268,Ribble Valley,
E07000136,N/A,0,Boston,
E07000136,born,53830,Boston,
E07000136,10plus,7600,Boston,
E07000136,5_10,4559,Boston,
E07000136,2_5,2649,Boston,
E07000136,less2,1864,Boston,
E07000142,N/A,0,West Lindsey,
E07000142,born,90468,West Lindsey,
E07000142,10plus,3417,West Lindsey,
E07000142,5_10,595,West Lindsey,
E07000142,2_5,370,West Lindsey,
E07000142,less2,303,West Lindsey,
E07000147,N/A,0,North Norfolk,
E07000147,born,98291,North Norfolk,
E07000147,10plus,3466,North Norfolk,
E07000147,5_10,590,North Norfolk,
E07000147,2_5,333,North Norfolk,
E07000147,less2,300,North Norfolk,
E07000168,N/A,0,Scarborough,
E07000168,born,102093,Scarborough,
E07000168,10plus,3670,Scarborough,
E07000168,5_10,1122,Scarborough,
E07000168,2_5,973,Scarborough,
E07000168,less2,878,Scarborough,
E07000174,N/A,0,Mansfield,
E07000174,born,98571,Mansfield,
E07000174,10plus,5325,Mansfield,
E07000174,5_10,3244,Mansfield,
E07000174,2_5,1965,Mansfield,
E07000174,less2,1376,Mansfield,
E07000198,N/A,0,Staffordshire Moorlands,
E07000198,born,93393,Staffordshire Moorlands,
E07000198,10plus,1785,Staffordshire Moorlands,
E07000198,5_10,343,Staffordshire Moorlands,
E07000198,2_5,195,Staffordshire Moorlands,
E07000198,less2,130,Staffordshire Moorlands,
E07000202,N/A,0,Ipswich,
E07000202,born,114863,Ipswich,
E07000202,10plus,12219,Ipswich,
E07000202,5_10,5617,Ipswich,
E07000202,2_5,4233,Ipswich,
E07000202,less2,2710,Ipswich,
E07000214,N/A,0,Surrey Heath,
E07000214,born,75028,Surrey Heath,
E07000214,10plus,10426,Surrey Heath,
E07000214,5_10,2192,Surrey Heath,
E07000214,2_5,1537,Surrey Heath,
E07000214,less2,1270,Surrey Heath,
E08000001,N/A,0,Bolton,
E08000001,born,245907,Bolton,
E08000001,10plus,27242,Bolton,
E08000001,5_10,8977,Bolton,
E08000001,2_5,8102,Bolton,
E08000001,less2,5735,Bolton,
E08000019,N/A,0,Sheffield,
E08000019,born,473313,Sheffield,
E08000019,10plus,43271,Sheffield,
E08000019,5_10,14516,Sheffield,
E08000019,2_5,11219,Sheffield,
E08000019,less2,14202,Sheffield,
E09000012,N/A,0,Hackney,
E09000012,born,156219,Hackney,
E09000012,10plus,62759,Hackney,
E09000012,5_10,16947,Hackney,
E09000012,2_5,13065,Hackney,
E09000012,less2,10156,Hackney,
E07000075,N/A,0,Rochford,
E07000075,born,82203,Rochford,
E07000075,10plus,2711,Rochford,
E07000075,5_10,381,Rochford,
E07000075,2_5,237,Rochford,
E07000075,less2,129,Rochford,
E07000077,N/A,0,Uttlesford,
E07000077,born,83396,Uttlesford,
E07000077,10plus,5297,Uttlesford,
E07000077,5_10,1294,Uttlesford,
E07000077,2_5,741,Uttlesford,
E07000077,less2,612,Uttlesford,
E07000105,N/A,0,Ashford,
E07000105,born,114942,Ashford,
E07000105,10plus,10784,Ashford,
E07000105,5_10,3101,Ashford,
E07000105,2_5,2269,Ashford,
E07000105,less2,1651,Ashford,
W06000023,10plus,4336,Powys,
W06000023,5_10,999,Powys,
W06000023,2_5,700,Powys,
W06000023,less2,425,Powys,
W06000024,N/A,0,Merthyr Tydfil,
W06000024,born,55553,Merthyr Tydfil,
W06000024,10plus,1892,Merthyr Tydfil,
W06000024,5_10,649,Merthyr Tydfil,
W06000024,2_5,374,Merthyr Tydfil,
W06000024,less2,371,Merthyr Tydfil,
E06000053,N/A,0,Isles of Scilly,
E06000053,born,1940,Isles of Scilly,
E06000053,10plus,56,Isles of Scilly,
E06000053,5_10,21,Isles of Scilly,
E06000053,2_5,18,Isles of Scilly,
E06000053,less2,22,Isles of Scilly,
E09000001,N/A,0,City of London,
E09000001,born,4327,City of London,
E09000001,10plus,1690,City of London,
E09000001,5_10,745,City of London,
E09000001,2_5,838,City of London,
E09000001,less2,983,City of London,